{"minzoom":0,"maxzoom":9,"center":[71.367188,33.430945,9.0],"bounds":[60.0,20.0,79.335152,37.083202]}