{"minzoom":0,"maxzoom":8,"center":[66.796875,26.429508,8.0],"bounds":[60.0,20.0,79.335152,37.083202]}